model,input_dim,loss,accuracy,f1,precision,recall,mcc,auc
PIsToN-only,16,0.2711585476880765,0.8816793893129771,0.8755020080321285,0.923728813559322,0.8320610687022901,0.7671455149152695,0.9564710681195735
MINT-only,2560,0.5161704066145512,0.7022900763358778,0.738255033557047,0.6586826347305389,0.8396946564885496,0.4207807190079078,0.8209311811665987
Fusion,2576,0.2609026873384723,0.8931297709923665,0.8939393939393939,0.8872180451127819,0.9007633587786259,0.7863511913080403,0.957286871394441
